Mercado,Lado,Traders_Coincidentes,Capital_Visible_USD,Precio_Entrada_Promedio,Precio_Actual_Promedio,Ranking_Mejor,Peso_Consenso,Traders,WCI,Tipo
France vs. Spain: O/U 2.5,Under,6,648745.4251,0.46421666666666667,0.3387,1,3118.7684932121415,"BreakTheBank, CandleHammerDrums, Sin nombre, hot2trot, jtwyslljy, swisstony",32.8,Direccional
France vs. Spain: Team to Advance,Spain,5,1807404.7473,0.5197,0.9087,3,4850.243579340579,"0x2c335066FE58fe9237c3d3Dc7b275C2a034a0563-1759935795465, BreakTheBank, RN1, Sin nombre, hot2trot",51.0,Direccional
Will Spain win on 2026-07-14?,Yes,5,898220.5578999999,0.57226,0.8812,1,4004.7153428901,"0x2c335066FE58fe9237c3d3Dc7b275C2a034a0563-1759935795465, BreakTheBank, RN1, Sin nombre, swisstony",42.1,Direccional
Will France vs. Spain end in a draw?,Yes,5,230258.46370000002,0.26048,0.0925,1,1557.5745448991572,"0x2c335066FE58fe9237c3d3Dc7b275C2a034a0563-1759935795465, Allezpapa, BreakTheBank, Sin nombre, swisstony",16.4,Direccional
Will France win on 2026-07-14?,Yes,5,47530.1881,0.26048,0.0237,3,930.8124136317098,"0x2c335066FE58fe9237c3d3Dc7b275C2a034a0563-1759935795465, BreakTheBank, CandleHammerDrums, RN1, jtwyslljy",9.8,Direccional
Will France win on 2026-07-14?,No,4,2703586.0563999997,0.735975,0.9762,1,9509.570144497417,"RN1, Sin nombre, hot2trot, swisstony",100.0,Direccional
Will Spain win the 2026 FIFA World Cup?,Yes,4,2367139.5784000005,0.09785,0.5175,11,4151.817281096421,"0x2a2C53bD278c04DA9962Fcf96490E17F3DfB9Bc1-1772479215461, 0x2c335066FE58fe9237c3d3Dc7b275C2a034a0563-1759935795465, Allezpapa, BreakTheBank",43.7,Direccional
Exact Score: France 2 - 1 Spain?,No,4,2030809.3517,0.89035,0.9995,1,8934.277127300378,"0x2c335066FE58fe9237c3d3Dc7b275C2a034a0563-1759935795465, RN1, Sin nombre, swisstony",94.0,Posible cobertura: marcador exacto
Will England win the 2026 FIFA World Cup?,Yes,4,1455927.7336000002,0.0669,0.246,11,3024.3549810817003,"0x2a2C53bD278c04DA9962Fcf96490E17F3DfB9Bc1-1772479215461, 0x2c335066FE58fe9237c3d3Dc7b275C2a034a0563-1759935795465, Allezpapa, BreakTheBank",31.8,Direccional
Exact Score: France 3 - 3 Spain?,No,4,1128852.6839,0.980925,0.994,1,6766.685718966542,"0x2c335066FE58fe9237c3d3Dc7b275C2a034a0563-1759935795465, BreakTheBank, RN1, swisstony",71.2,Posible cobertura: marcador exacto
Exact Score: France 3 - 1 Spain?,No,4,635714.6505999999,0.951425,0.9995,1,4914.804593388999,"0x2c335066FE58fe9237c3d3Dc7b275C2a034a0563-1759935795465, RN1, Sin nombre, swisstony",51.7,Posible cobertura: marcador exacto
Will Argentina win the 2026 FIFA World Cup?,Yes,4,273638.3125,0.10345,0.1975,11,1366.9287630136423,"0x2a2C53bD278c04DA9962Fcf96490E17F3DfB9Bc1-1772479215461, 0x2c335066FE58fe9237c3d3Dc7b275C2a034a0563-1759935795465, Allezpapa, jtwyslljy",14.4,Direccional
France vs. Spain: O/U 1.5,Over,4,184804.3626,0.8753249999999999,0.9987,1,2935.0852755165597,"0x2c335066FE58fe9237c3d3Dc7b275C2a034a0563-1759935795465, RN1, Sin nombre, swisstony",30.9,Direccional
Exact Score: France 0 - 1 Spain?,No,4,107455.2959,0.859625,0.9995,1,1461.9629248500546,"0x2c335066FE58fe9237c3d3Dc7b275C2a034a0563-1759935795465, RN1, Sin nombre, swisstony",15.4,Posible cobertura: marcador exacto
Croatia Open: Titouan Droguet vs Alexander Blockx,Titouan Droguet,4,21497.570900000002,0.27442500000000003,0.445,1,935.5933861276296,"RN1, Sin nombre, jtwyslljy, swisstony",9.8,Direccional
Will Shamrock Rovers FC win on 2026-07-14?,Yes,4,13023.1803,0.799425,0.9995,1,812.8028336211959,"0x2c335066FE58fe9237c3d3Dc7b275C2a034a0563-1759935795465, RN1, Sin nombre, swisstony",8.5,Direccional
Spread: France (-1.5),Spain,3,1201526.5156999999,0.8763666666666667,0.9962,1,6690.3725748762545,"0x2c335066FE58fe9237c3d3Dc7b275C2a034a0563-1759935795465, RN1, swisstony",70.4,Direccional
Exact Score: France 1 - 0 Spain?,No,3,934397.2502,0.9077999999999999,0.9994999999999999,1,5910.739518067863,"0x2c335066FE58fe9237c3d3Dc7b275C2a034a0563-1759935795465, RN1, swisstony",62.2,Posible cobertura: marcador exacto
Exact Score: France 1 - 1 Spain?,No,3,588565.7713,0.8272333333333334,0.9994999999999999,1,4370.395551483994,"0x2c335066FE58fe9237c3d3Dc7b275C2a034a0563-1759935795465, RN1, swisstony",46.0,Posible cobertura: marcador exacto
Exact Score: France 2 - 2 Spain?,No,3,545767.4542,0.9189666666666666,0.9049999999999999,1,3801.8980510890387,"0x2c335066FE58fe9237c3d3Dc7b275C2a034a0563-1759935795465, RN1, swisstony",40.0,Posible cobertura: marcador exacto
Exact Score: France 2 - 3 Spain?,No,3,487190.7857,0.9669333333333333,0.9795000000000001,1,4517.331858482294,"0x2c335066FE58fe9237c3d3Dc7b275C2a034a0563-1759935795465, RN1, swisstony",47.5,Posible cobertura: marcador exacto
Exact Score: France 1 - 2 Spain?,No,3,431867.2292,0.8707666666666668,0.7799999999999999,1,3691.385386661955,"0x2c335066FE58fe9237c3d3Dc7b275C2a034a0563-1759935795465, RN1, swisstony",38.8,Posible cobertura: marcador exacto
France vs. Spain: Both Teams to Score,No,3,265148.1337,0.4175,0.535,1,2585.303186201198,"RN1, Sin nombre, swisstony",27.2,Direccional
Exact Score: France 0 - 0 Spain?,No,3,254934.2184,0.9117666666666667,0.9994999999999999,1,2870.5198235268163,"0x2c335066FE58fe9237c3d3Dc7b275C2a034a0563-1759935795465, RN1, swisstony",30.2,Posible cobertura: marcador exacto
Spread: France (-2.5),Spain,3,200265.7768,0.9581666666666666,0.9987,1,2618.6825224410572,"RN1, Sin nombre, swisstony",27.5,Direccional
Exact Score: France 1 - 3 Spain?,No,3,182524.5494,0.9365666666666667,0.9055,1,2095.0875810219704,"0x2c335066FE58fe9237c3d3Dc7b275C2a034a0563-1759935795465, RN1, swisstony",22.0,Posible cobertura: marcador exacto
Will England win on 2026-07-15?,No,3,168145.5023,0.6387666666666667,0.6512,1,2421.7076937425386,"Allezpapa, RN1, swisstony",25.5,Direccional
France vs. Spain: O/U 2.5,Over,3,160137.8705,0.5413333333333333,0.6612,3,1784.2055574734586,"0x2c335066FE58fe9237c3d3Dc7b275C2a034a0563-1759935795465, RN1, Sin nombre",18.8,Direccional
France vs. Spain: France O/U 0.5,Under,3,100489.3042,0.35446666666666665,0.525,1,2370.795448824222,"0x2c335066FE58fe9237c3d3Dc7b275C2a034a0563-1759935795465, RN1, swisstony",24.9,Direccional
Spread: Spain (-1.5),France,3,78329.60310000001,0.7038666666666668,0.3525,1,1599.444051818368,"RN1, Sin nombre, swisstony",16.8,Direccional
Exact Score: France 0 - 2 Spain?,Yes,3,63553.3036,0.06706666666666666,0.34590000000000004,1,1464.1430887221336,"0x2c335066FE58fe9237c3d3Dc7b275C2a034a0563-1759935795465, Sin nombre, swisstony",15.4,Posible cobertura: marcador exacto
Exact Score: France 0 - 3 Spain?,Yes,3,46949.5667,0.05266666666666666,0.167,1,1264.0145488527487,"0x2c335066FE58fe9237c3d3Dc7b275C2a034a0563-1759935795465, Sin nombre, swisstony",13.3,Posible cobertura: marcador exacto
Athens Open: Anna Blinkova vs Aliaksandra Sasnovich,Aliaksandra Sasnovich,3,46549.7176,0.7666666666666666,0.9994999999999999,1,1500.5642407444827,"0x2c335066FE58fe9237c3d3Dc7b275C2a034a0563-1759935795465, RN1, swisstony",15.8,Direccional
Spread: Spain (-2.5),France,3,44404.645800000006,0.9010666666666666,0.785,1,1495.5369660166425,"RN1, Sin nombre, swisstony",15.7,Direccional
France vs. Spain: O/U 5.5,Under,3,39173.871399999996,0.9666,0.9825,1,1235.2879171283328,"RN1, Sin nombre, swisstony",13.0,Direccional
France vs. Spain: Team to Advance,France,3,35860.7756,0.4489,0.0912,24,454.3133114139535,"Allezpapa, CandleHammerDrums, Sin nombre",4.8,Direccional
Iasi Open: Ilinca Amariei vs Elsa Jacquemot,Elsa Jacquemot,3,21597.2352,0.7815666666666666,0.9805,1,1113.94932511948,"0x2c335066FE58fe9237c3d3Dc7b275C2a034a0563-1759935795465, RN1, swisstony",11.7,Direccional
Will Spain win on 2026-07-14?,No,3,12582.9466,0.1646,0.11869999999999999,1,799.6657964553888,"0x2c335066FE58fe9237c3d3Dc7b275C2a034a0563-1759935795465, RN1, swisstony",8.4,Direccional
Will Larne FC win on 2026-07-14?,Yes,3,9600.225699999999,0.7289,0.935,1,528.0583581876874,"RN1, Sin nombre, swisstony",5.6,Direccional
Spread: Larne FC (-1.5),Larne FC,3,8415.873,0.5209333333333334,0.46,1,247.32490031803155,"RN1, Sin nombre, swisstony",2.6,Direccional
France vs. Spain: 1st Half O/U 2.5,Under,3,7259.789400000001,0.9338000000000001,0.9994999999999999,1,594.8619492744375,"RN1, Sin nombre, swisstony",6.3,Direccional
Will Larne FC vs. Tre Fiori FC end in a draw?,No,3,4917.3552,0.8087666666666666,0.94,1,493.478854042481,"RN1, Sin nombre, swisstony",5.2,Direccional
Will Tre Fiori FC win on 2026-07-14?,No,3,4199.8213,0.9442,0.991,1,452.30561143944897,"RN1, Sin nombre, swisstony",4.8,Direccional
Cordenons: Peter Makk vs Thiago Seyboth Wild,Peter Makk,3,4176.398999999999,0.46670000000000006,0.375,1,378.34145102598745,"RN1, Sin nombre, swisstony",4.0,Direccional
Granby: Fajing Sun vs Arthur Gea,Arthur Gea,3,3625.7088,0.8035333333333333,0.9615,1,388.07608965630976,"RN1, Sin nombre, swisstony",4.1,Direccional
France vs. Spain: O/U 4.5,Over,3,2055.5751,0.11053333333333333,0.0737,1,342.1127097609848,"0x2c335066FE58fe9237c3d3Dc7b275C2a034a0563-1759935795465, RN1, swisstony",3.6,Direccional
Exact Score: France 3 - 2 Spain?,No,2,1321700.1134000001,0.9692,0.985,1,6641.277372976904,"0x2c335066FE58fe9237c3d3Dc7b275C2a034a0563-1759935795465, swisstony",69.8,Posible cobertura: marcador exacto
France vs. Spain: O/U 3.5,Under,2,650933.5005000001,0.7101,0.7187,1,4127.0958469635525,"0x2c335066FE58fe9237c3d3Dc7b275C2a034a0563-1759935795465, swisstony",43.4,Direccional
Exact Score: France 2 - 0 Spain?,No,2,349981.5051,0.93,0.9995,1,1990.075538151789,"0x2c335066FE58fe9237c3d3Dc7b275C2a034a0563-1759935795465, swisstony",20.9,Posible cobertura: marcador exacto
Will France vs. Spain end in a draw?,No,2,210071.3167,0.7806,0.9075,1,2670.172069661684,"RN1, swisstony",28.1,Direccional
Dota 2: LGD Gaming vs MOUZ (BO3) - Esports World Cup Survival,LGD Gaming,2,186781.2818,0.7954,0.9995,11,1307.524515460385,"0x2c335066FE58fe9237c3d3Dc7b275C2a034a0563-1759935795465, Sin nombre",13.7,Direccional
France vs. Spain: Spain O/U 0.5,Over,2,147732.3228,0.7361,0.9995,1,1932.9724734759402,"Sin nombre, swisstony",20.3,Direccional
Exact Score: France 3 - 0 Spain?,No,2,110005.3481,0.97435,0.9995,1,1727.5472324457387,"0x2c335066FE58fe9237c3d3Dc7b275C2a034a0563-1759935795465, swisstony",18.2,Posible cobertura: marcador exacto
Will France win the 2026 FIFA World Cup?,Yes,2,85604.7517,0.10880000000000001,0.0354,11,920.3240708606164,"0x2c335066FE58fe9237c3d3Dc7b275C2a034a0563-1759935795465, Allezpapa",9.7,Direccional
Exact Score: England 3 - 3 Argentina?,No,2,79480.56899999999,0.9875,0.9905,1,1430.7926831936459,"Sin nombre, swisstony",15.0,Posible cobertura: marcador exacto
Exact Score: England 2 - 1 Argentina?,No,2,54413.3859,0.9199,0.925,1,1180.9631071437109,"Sin nombre, swisstony",12.4,Posible cobertura: marcador exacto
Athens Open: Maria Timofeeva vs Ann Li,Ann Li,2,51593.7627,0.8602000000000001,0.9995,1,860.9650728785646,"0x2c335066FE58fe9237c3d3Dc7b275C2a034a0563-1759935795465, swisstony",9.1,Direccional
France leading at halftime?,No,2,48422.2206,0.9096,0.9995,1,1553.2961099366833,"RN1, swisstony",16.3,Direccional
Will Andy Burnham be the next Prime Minister of the United Kingdom in 2026?,Yes,2,44012.3589,0.41885,0.9955,11,838.0177036537739,"0x006cc834Cc092684F1B56626E23BEdB3835c16ea-1729683673397, 0x2c335066FE58fe9237c3d3Dc7b275C2a034a0563-1759935795465",8.8,Direccional
England vs. Argentina: Both Teams to Score,No,2,40000.197100000005,0.47995,0.495,1,1012.2467723307365,"Sin nombre, swisstony",10.6,Direccional
France vs. Spain: O/U 4.5,Under,2,37821.5291,0.8611,0.9262,1,986.6209006042654,"Sin nombre, swisstony",10.4,Direccional
Will England vs. Argentina end in a draw?,Yes,2,29955.8507,0.32375,0.3287,1,822.8715411964549,"Allezpapa, swisstony",8.7,Direccional
France vs. Spain: O/U 9.5 Total Corners,Under,2,25789.4929,0.51905,0.465,36,202.52150566883503,"Sin nombre, hot2trot",2.1,Direccional
Boston Red Sox vs. New York Yankees,New York Yankees,2,16001.7483,0.49495,0.52,3,559.5028457118393,"0x2c335066FE58fe9237c3d3Dc7b275C2a034a0563-1759935795465, RN1",5.9,Direccional
France vs. Spain: 1st Half O/U 1.5,Under,2,15217.9319,0.7651,0.9995,1,628.954847083127,"Sin nombre, swisstony",6.6,Direccional
Tampa Bay Rays vs. Boston Red Sox,Boston Red Sox,2,13381.5724,0.5188999999999999,0.575,1,630.9574209509406,"RN1, swisstony",6.6,Direccional
Exact Score: France 0 - 3 Spain?,No,2,13304.497000000001,0.876,0.833,1,761.1757283554758,"RN1, swisstony",8.0,Posible cobertura: marcador exacto
Athens Open: Tereza Valentova vs Sofia Costoulas,Tereza Valentova,2,10761.097699999998,0.886,0.957,1,587.9783893362021,"0x2c335066FE58fe9237c3d3Dc7b275C2a034a0563-1759935795465, swisstony",6.2,Direccional
France vs. Spain: 1st Half O/U 0.5,Over,2,10232.1754,0.5620499999999999,0.9995,1,684.3277729021049,"RN1, swisstony",7.2,Direccional
Exact Score: France 0 - 2 Spain?,No,2,9813.6715,0.72485,0.654,1,694.68901110702,"RN1, swisstony",7.3,Posible cobertura: marcador exacto
France vs. Spain: O/U 7.5,Under,2,8774.7253,0.9941,0.9995,1,640.5292137942769,"RN1, swisstony",6.7,Direccional
France vs. Spain: O/U 6.5,Under,2,8494.384399999999,0.98795,0.9975,1,469.1148432508619,"Sin nombre, swisstony",4.9,Direccional
Granby: Murphy Cassone vs Tristan Schoolkate,Murphy Cassone,2,6604.4429,0.5293,0.4275,1,487.0682415964933,"RN1, swisstony",5.1,Direccional
France vs. Spain: O/U 3.5,Over,2,5783.7565,0.3251,0.2812,3,438.4180732708826,"0x2c335066FE58fe9237c3d3Dc7b275C2a034a0563-1759935795465, RN1",4.6,Direccional
England vs. Argentina: O/U 3.5,Under,2,5411.0385,0.7823,0.7837,1,374.9481195547304,"Sin nombre, swisstony",3.9,Direccional
Shamrock Rovers FC vs. Floriana FC: O/U 5.5,Over,2,5340.3017,0.2882,0.99,1,513.8367789656384,"RN1, swisstony",5.4,Direccional
Will FC UNA Strassen win on 2026-07-14?,Yes,2,5194.723,0.7889999999999999,0.989,1,361.3314841980516,"Sin nombre, swisstony",3.8,Direccional
France vs. Spain: France O/U 1.5,Over,2,4795.5111,0.13695,0.14,1,479.88950775096254,"RN1, swisstony",5.0,Direccional
France vs. Spain: France 1st Half O/U 0.5,Under,2,4198.615699999999,0.57455,0.9995,1,330.28876843357585,"Sin nombre, swisstony",3.5,Direccional
Cordenons: Hugo Dellien vs Ioannis Xilas,Hugo Dellien,2,3356.5166999999997,0.8307,0.835,1,133.06734812478774,"Sin nombre, swisstony",1.4,Direccional
Arizona Diamondbacks vs. St. Louis Cardinals,Arizona Diamondbacks,2,2778.7928,0.44010000000000005,0.56,1,310.0511441615408,"RN1, swisstony",3.3,Direccional
Lincoln: Spencer Johnson vs Remy Bertola,Spencer Johnson,2,2729.0298000000003,0.5025999999999999,0.505,1,111.72531657623536,"Sin nombre, swisstony",1.2,Direccional
France vs. Spain: O/U 5.5,Over,2,2667.789,0.0377,0.0175,1,277.1297993119384,"0x2c335066FE58fe9237c3d3Dc7b275C2a034a0563-1759935795465, swisstony",2.9,Direccional
France vs. Spain: France O/U 0.5,Over,2,2486.3431,0.63995,0.475,1,154.01292154443834,"Sin nombre, swisstony",1.6,Direccional
Spread: Shamrock Rovers FC (-1.5),Shamrock Rovers FC,2,2162.2001,0.6874,0.87,1,172.20402515655587,"Sin nombre, swisstony",1.8,Direccional
Lincoln: Spencer Johnson vs Remy Bertola,Remy Bertola,2,1587.6574,0.4979,0.495,3,170.7692642084791,"RN1, Sin nombre",1.8,Direccional
Larne FC vs. Tre Fiori FC: O/U 3.5,Over,2,1510.7991,0.3805,0.555,1,274.5450632297751,"RN1, swisstony",2.9,Direccional
Spread: France (-1.5),France,2,1479.9969999999998,0.18875,0.0037,24,91.02273187610541,"Allezpapa, CandleHammerDrums",1.0,Direccional
Shamrock Rovers FC vs. Floriana FC: O/U 4.5,Over,2,1339.0235,0.7576499999999999,0.9995,1,257.877075451701,"RN1, swisstony",2.7,Direccional
France vs. Spain: Spain O/U 2.5,Over,2,881.5532999999999,0.35109999999999997,0.335,3,143.7312134305908,"RN1, Sin nombre",1.5,Direccional
Lincoln: Mark Lajal vs Trevor Svajda,Trevor Svajda,2,834.677,0.47124999999999995,0.4795,1,202.13631744313645,"RN1, swisstony",2.1,Direccional
Will Shanghai Shenhua FC vs. Beijing Guoan FC end in a draw?,No,2,627.9565,0.76495,0.745,1,89.99872552209018,"Sin nombre, swisstony",0.9,Direccional
Spread: Larne FC (-2.5),Larne FC,2,427.5054,0.40385,0.115,3,68.8676248728145,"RN1, Sin nombre",0.7,Direccional
France vs. Spain: O/U 0.5,Under,2,400.1876,0.07365,0.0012,11,59.37961740814831,"0x2c335066FE58fe9237c3d3Dc7b275C2a034a0563-1759935795465, BreakTheBank",0.6,Direccional
Will Larne FC win on 2026-07-14?,No,2,321.6406,0.185,0.065,1,77.02251522992682,"Sin nombre, swisstony",0.8,Direccional
Will JD Vance win the 2028 US Presidential Election?,No,1,2593616.798,0.5,0.8005,22,4831.412959166293,GamblingIsAllYouNeed,50.8,Direccional
Will JD Vance win the 2028 US Presidential Election?,Yes,1,646379.202,0.5,0.1995,22,2411.9313460378594,GamblingIsAllYouNeed,25.4,Direccional
Spread: England (-1.5),Argentina,1,323972.5423,0.8419,0.8512,1,2845.9292959418367,swisstony,29.9,Direccional
Will Argentina win the 2026 FIFA World Cup?,No,1,200914.3515,0.8803,0.8025,50,448.23470581827996,S-Works,4.7,Direccional
Kylian Mbappé: 2+ goals,No,1,156363.5809,0.87,0.9655,11,1186.2850534757656,0x2c335066FE58fe9237c3d3Dc7b275C2a034a0563-1759935795465,12.5,Direccional
Will Kylian Mbappe be the top goalscorer at the 2026 FIFA World Cup?,No,1,138388.5258,0.6761,0.73,50,372.0060830147808,S-Works,3.9,Mercado especial de jugador
Spread: France (-3.5),Spain,1,133638.3854,0.9858,0.9995,1,1827.8292138490401,swisstony,19.2,Direccional
Lamine Yamal: 2+ goals,No,1,101014.5064,0.9598,0.988,11,953.4833808724723,0x2c335066FE58fe9237c3d3Dc7b275C2a034a0563-1759935795465,10.0,Direccional
Lamine Yamal: 1+ goals,No,1,89495.3348,0.7396,0.885,11,897.4731267285947,0x2c335066FE58fe9237c3d3Dc7b275C2a034a0563-1759935795465,9.4,Direccional
Exact Score: England 0 - 0 Argentina?,No,1,87475.1763,0.8899,0.895,1,1478.8101323361293,swisstony,15.6,Posible cobertura: marcador exacto
Hantavirus pandemic in 2026?,No,1,81648.9482,0.9119,0.9795,13,857.2284023526051,0x006cc834Cc092684F1B56626E23BEdB3835c16ea-1729683673397,9.0,Direccional
Kylian Mbappé: 3+ goals,No,1,81146.7043,0.971,0.9895,11,854.5878180152114,0x2c335066FE58fe9237c3d3Dc7b275C2a034a0563-1759935795465,9.0,Direccional
Exact Score: England 3 - 0 Argentina?,No,1,80809.3291,0.9822,0.9815,11,852.8094522811059,0x2c335066FE58fe9237c3d3Dc7b275C2a034a0563-1759935795465,9.0,Posible cobertura: marcador exacto
Lamine Yamal: 3+ goals,No,1,76387.2578,0.99,0.876,11,829.147345289123,0x2c335066FE58fe9237c3d3Dc7b275C2a034a0563-1759935795465,8.7,Direccional
Spread: France (-4.5),Spain,1,75533.51,0.9945,0.9995,1,1374.1680210221748,swisstony,14.5,Direccional
Kylian Mbappé: 1+ goals,No,1,71341.2261,0.5525,0.76,11,801.2933513389462,0x2c335066FE58fe9237c3d3Dc7b275C2a034a0563-1759935795465,8.4,Direccional
Michael Olise: 1+ goals,No,1,70230.78,0.81,0.9955,11,795.0327163079517,0x2c335066FE58fe9237c3d3Dc7b275C2a034a0563-1759935795465,8.4,Direccional
Will France reach the 2026 FIFA World Cup final?,No,1,69171.1189,0.6374,0.91,50,263.0040282961461,S-Works,2.8,Direccional
England leading at halftime?,No,1,62491.556,0.7199,0.715,1,1249.9155571477618,swisstony,13.1,Direccional
"Will Bitcoin reach $250,000 by December 31, 2026?",No,1,62085.7005,0.9372,0.9865,44,249.17002327727948,geniusMC,2.6,Direccional
Exact Score: England 3 - 2 Argentina?,No,1,60765.7125,0.9771,0.9805,1,1232.5351161325993,swisstony,13.0,Posible cobertura: marcador exacto
Will Argentina win on 2026-07-15?,Yes,1,56237.0856,0.3123,0.3187,1,1185.7179850200469,swisstony,12.5,Direccional
France vs. Spain: France 1st Half O/U 1.5,Under,1,55696.6161,0.8809,0.9995,1,1180.0065264650023,swisstony,12.4,Direccional
France vs. Spain: Draw at halftime?,No,1,49975.0,0.55,0.9995,35,223.55088906108156,jtwyslljy,2.4,Direccional
Exact Score: England 1 - 0 Argentina?,No,1,39776.0686,0.8888,0.895,1,997.1969288961935,swisstony,10.5,Posible cobertura: marcador exacto
France vs. Spain: O/U 8.5,Under,1,37017.9724,0.9969,0.9995,1,962.002759871301,swisstony,10.1,Direccional
France vs. Spain: O/U 0.5,Over,1,34725.4587,0.9205,0.9987,1,931.7384115190272,swisstony,9.8,Direccional
France vs. Spain: France O/U 1.5,Under,1,33814.8637,0.634,0.86,1,919.4409130009388,swisstony,9.7,Direccional
England vs. Argentina: O/U 4.5,Under,1,32457.4955,0.905,0.9062,1,900.7981946584928,swisstony,9.5,Direccional
England vs. Argentina: Team to Advance,Argentina,1,29500.1731,0.4544,0.4612,36,171.75614428601966,Sin nombre,1.8,Direccional
Ousmane Dembélé: 1+ goals,No,1,26458.3484,0.74,0.885,11,487.9806713385275,0x2c335066FE58fe9237c3d3Dc7b275C2a034a0563-1759935795465,5.1,Direccional
Will Norway win on 2026-07-11?,No,1,25481.6031,0.76,1.0,22,478.8887427158839,GamblingIsAllYouNeed,5.0,Direccional
Will England win on 2026-07-11?,No,1,25042.348,0.4869,1.0,22,474.74322743984453,GamblingIsAllYouNeed,5.0,Direccional
France vs. Spain: France O/U 2.5,Under,1,22051.73,0.8379,0.9695,1,742.4912457396383,swisstony,7.8,Direccional
England vs. Argentina: O/U 2.5,Over,1,21458.8715,0.4053,0.3987,1,732.4423441473056,swisstony,7.7,Direccional
Will Morocco win on 2026-07-09?,No,1,20442.7066,0.85,1.0,22,428.933980234721,GamblingIsAllYouNeed,4.5,Direccional
Exact Score: France 1 - 3 Spain?,Yes,1,19804.7857,0.0281,0.0945,1,703.647385058738,swisstony,7.4,Posible cobertura: marcador exacto
Exact Score: England 2 - 3 Argentina?,No,1,18428.2775,0.9809,0.9815,1,678.7539594727974,swisstony,7.1,Posible cobertura: marcador exacto
Spread: Argentina (-1.5),England,1,17830.2459,0.8803,0.8787,1,667.6497191641737,swisstony,7.0,Direccional
"Will Bitcoin dip to $35,000 by December 31, 2026?",No,1,17496.2637,0.85,0.875,11,396.82032873833464,0x2c335066FE58fe9237c3d3Dc7b275C2a034a0563-1759935795465,4.2,Direccional
Exact Score: England 3 - 1 Argentina?,No,1,16828.5011,0.9631,0.9655,1,648.6235637871939,swisstony,6.8,Posible cobertura: marcador exacto
Spread: England (-2.5),Argentina,1,16413.0909,0.9519,0.9562,1,640.5679296530541,swisstony,6.7,Direccional
Spread: England (-3.5),Argentina,1,14487.7194,0.982,0.9845,1,601.824712852505,swisstony,6.3,Direccional
Spread: France (-5.5),Spain,1,13464.1377,0.9982,0.9995,1,580.1753549574473,swisstony,6.1,Direccional
Spread: Qarabağ Ağdam FK (-2.5),ÍF Vestri,1,13330.0944,0.4034,0.47,36,115.45602799334472,Sin nombre,1.2,Direccional
England vs. Argentina: O/U 1.5,Under,1,13249.5631,0.314,0.3212,1,575.533732721202,swisstony,6.1,Direccional
France vs. Spain: Spain 1st Half O/U 0.5,Over,1,11720.3571,0.4047,0.9995,1,541.3029904776067,swisstony,5.7,Direccional
France vs. Spain: O/U 8.5 Total Corners,Over,1,11512.6305,0.5391,0.79,36,107.29692679662358,Sin nombre,1.1,Direccional
St. Louis Cardinals vs. Cincinnati Reds: O/U 9.5,Over,1,11442.6355,0.52,0.66,28,106.97025521143716,LaBradfordSmith22,1.1,Direccional
Will HNK Hajduk Split win on 2026-07-16?,Yes,1,11334.9595,0.3258,0.435,36,106.46576679853483,Sin nombre,1.1,Direccional
Spread: Ferencvárosi TC (-2.5),FK Vojvodina Novi Sad,1,10786.5854,0.6203,0.715,36,103.85848737585195,Sin nombre,1.1,Direccional
Will Argentina reach the 2026 FIFA World Cup final?,No,1,10730.4707,0.7465,0.5405,50,103.58798530717739,S-Works,1.1,Direccional
Will PFK CSKA Sofia win on 2026-07-16?,Yes,1,9920.7697,0.4486,0.485,36,99.60306069594448,Sin nombre,1.0,Direccional
Will FK Rīgas Futbola Skola win on 2026-07-16?,Yes,1,9805.6487,0.5138,0.645,36,99.02347549949961,Sin nombre,1.0,Direccional
Spread: England (-5.5),Argentina,1,9681.3549,0.9968,0.998,1,491.9693816692254,swisstony,5.2,Direccional
Exact Score: England 2 - 2 Argentina?,No,1,8761.8372,0.9399,0.945,1,468.02342890073356,swisstony,4.9,Posible cobertura: marcador exacto
"UFC Fight Night: Kamaru Usman vs. Dricus Du Plessis (Middleweight, Main Card)",Kamaru Usman,1,8751.2063,0.29,0.305,11,280.64364717555964,0x2c335066FE58fe9237c3d3Dc7b275C2a034a0563-1759935795465,3.0,Direccional
England vs. Argentina: England 1st Half O/U 0.5,Over,1,8727.2842,0.4,0.405,1,467.09967351733394,swisstony,4.9,Direccional
France vs. Spain: Spain O/U 2.5,Under,1,8437.3941,0.5871,0.665,1,459.2764445298713,swisstony,4.8,Direccional
Spread: Spain (-3.5),France,1,8205.371,0.9626,0.962,3,452.91751456529033,RN1,4.8,Direccional
France vs. Spain: Spain 1st Half O/U 1.5,Under,1,7146.1935,0.9198,0.9995,1,422.6758066177907,swisstony,4.4,Direccional
Spread: Ferencvárosi TC (-1.5),FK Vojvodina Novi Sad,1,6906.1064,0.4336,0.535,36,83.10298670926335,Sin nombre,0.9,Direccional
Will Belgium win on 2026-07-10?,No,1,6708.4499,0.83,1.0,22,245.71538230237033,GamblingIsAllYouNeed,2.6,Direccional
Spread: Floriana FC (-2.5),Shamrock Rovers FC,1,6636.6094,0.9984,0.995,1,407.32693871139924,swisstony,4.3,Direccional
Will Wes Streeting be the next Prime Minister of the United Kingdom in 2026?,No,1,6315.8904,0.88,0.9995,34,79.47257640217788,0x2a2C53bD278c04DA9962Fcf96490E17F3DfB9Bc1-1772479215461,0.8,Direccional
England vs. Argentina: England O/U 1.5,Under,1,6152.6505,0.6599,0.665,1,392.19416428600766,swisstony,4.1,Direccional
Spain leading at halftime?,Yes,1,6105.5383,0.2252,0.9995,36,78.13794404769043,Sin nombre,0.8,Direccional
Spread: Argentina (-5.5),England,1,6054.8763,0.9978,0.9985,1,389.06542830223304,swisstony,4.1,Direccional
Will SK Torpedo Kutaisi win on 2026-07-16?,Yes,1,5657.6973,0.2659,0.31,36,75.21766614300127,Sin nombre,0.8,Direccional
Will FC Milsami Orhei win on 2026-07-16?,Yes,1,5216.9873,0.3565,0.405,36,72.2287152038578,Sin nombre,0.8,Direccional
Spread: Spain (-1.5),Spain,1,4876.7294,0.6313,0.6475,1,349.1679180566279,swisstony,3.7,Direccional
Spread: Argentina (-2.5),England,1,4697.6695,0.9665,0.9675,1,342.6977348918432,swisstony,3.6,Direccional
Will Spain vs. Belgium end in a draw?,No,1,4589.35,0.75,1.0,22,203.2342244800319,GamblingIsAllYouNeed,2.1,Direccional
Will Lionel Messi be the top goalscorer at the 2026 FIFA World Cup?,Yes,1,4545.7226,0.0125,0.595,50,67.42197416273125,S-Works,0.7,Mercado especial de jugador
Exact Score: England 0 - 3 Argentina?,No,1,4149.6675,0.9834,0.9845,1,322.0895644071692,swisstony,3.4,Posible cobertura: marcador exacto
Exact Score: England 2 - 0 Argentina?,No,1,3872.0059,0.9299,0.935,1,311.1272207634684,swisstony,3.3,Posible cobertura: marcador exacto
Will Donald Trump win the 2028 Republican presidential nomination?,Yes,1,3854.0945,0.0402,0.0155,14,186.24406165029802,beachboy4,2.0,Direccional
Dota 2: Vici Gaming vs PlayTime (BO3) - Esports World Cup Survival,Vici Gaming,1,3838.527,0.49,0.495,11,185.8675415450476,0x2c335066FE58fe9237c3d3Dc7b275C2a034a0563-1759935795465,2.0,Direccional
Shamrock Rovers FC vs. Floriana FC: 1st Half O/U 2.5,Over,1,3576.111,0.3554,0.9995,3,299.0029682126918,RN1,3.1,Direccional
Will England reach the 2026 FIFA World Cup final?,No,1,3323.506,0.7542,0.455,50,57.64985689487876,S-Works,0.6,Direccional
Will Linfield FC win on 2026-07-16?,Yes,1,3199.9842,0.5508,0.595,36,56.56840284116213,Sin nombre,0.6,Direccional
ITF Sao Paulo: Isabella Barrera Aguirre vs Mell Elizabeth Reasco Gonzalez,Isabella Barrera Aguirre,1,3064.2832,0.1418,0.325,3,276.77984030633445,RN1,2.9,Direccional
Spread: England (-4.5),Argentina,1,3003.6818,0.9949,0.9955,1,274.0292776328836,swisstony,2.9,Direccional
Spread: Tre Fiori FC (-2.5),Larne FC,1,2856.8933,0.999,0.6675,1,267.2495696909539,swisstony,2.8,Direccional
"Will Bitcoin dip to $25,000 by December 31, 2026?",No,1,2807.7178,0.92,0.945,11,158.96370717871423,0x2c335066FE58fe9237c3d3Dc7b275C2a034a0563-1759935795465,1.7,Direccional
Exact Score: England 3 - 1 Argentina?,Yes,1,2769.2579,0.032,0.0345,11,157.87121681927962,0x2c335066FE58fe9237c3d3Dc7b275C2a034a0563-1759935795465,1.7,Posible cobertura: marcador exacto
Exact Score: England 1 - 3 Argentina?,Yes,1,2680.3837,0.025,0.0275,11,155.31726658681578,0x2c335066FE58fe9237c3d3Dc7b275C2a034a0563-1759935795465,1.6,Posible cobertura: marcador exacto
Croatia Open: Titouan Droguet vs Alexander Blockx,Alexander Blockx,1,2517.1862,0.651,0.555,1,250.85783822715206,swisstony,2.6,Direccional
Spread: St. Louis Cardinals (-1.5),St. Louis Cardinals,1,2403.5567,0.3894,0.265,1,245.13040917030267,swisstony,2.6,Direccional
England vs. Argentina: O/U 8.5 Total Corners,Under,1,2334.5256,0.518,0.555,36,48.3169287103392,Sin nombre,0.5,Direccional
ITF Granby: Ekaterina Ovcharenko vs Alexandra Vagramov,Ekaterina Ovcharenko,1,2267.4313,0.4773,0.615,3,238.0877621802515,RN1,2.5,Direccional
France vs. Spain: Both Teams to Score,Yes,1,2203.6024,0.46,0.465,3,234.71271801928418,RN1,2.5,Direccional
Will Africa (CAF) win the 2026 FIFA World Cup?,No,1,2139.5026,0.925,1.0,17,138.76427277941536,DrPufferfish,1.5,Direccional
Spread: Floriana FC (-1.5),Shamrock Rovers FC,1,2028.9567,0.9942,0.9855,1,225.21970939507048,swisstony,2.4,Direccional
Exact Score: Any Other Score?,Yes,1,1882.1657,0.07,0.065,11,130.15180098638666,0x2c335066FE58fe9237c3d3Dc7b275C2a034a0563-1759935795465,1.4,Posible cobertura: marcador exacto
Will France vs. Morocco end in a draw?,No,1,1871.0,0.75,1.0,22,129.76517252329302,GamblingIsAllYouNeed,1.4,Direccional
Spread: Argentina (-4.5),England,1,1842.7702,0.993,0.9975,1,214.63749672412786,swisstony,2.3,Direccional
England vs. Argentina: O/U 6.5,Under,1,1838.8115,0.9853,0.9865,1,214.40682708346768,swisstony,2.3,Direccional
Will SP La Fiorita win on 2026-07-14?,No,1,1809.3396,0.9895,0.9915,1,212.68166352556113,swisstony,2.2,Direccional
Larne FC vs. Tre Fiori FC: O/U 4.5,Under,1,1804.5486,0.7258,0.83,1,212.39989406777022,swisstony,2.2,Direccional
Arizona Diamondbacks vs. St. Louis Cardinals: O/U 9.5,Under,1,1803.7257,0.56,0.5649,1,212.35145984899657,swisstony,2.2,Direccional
France vs. Spain: O/U 9.5 Total Corners,Over,1,1709.2248,0.4412,0.535,36,41.3427720405877,Sin nombre,0.4,Direccional
Spread: Spain (-4.5),France,1,1669.8436,0.9957,0.9955,1,204.31859925126736,swisstony,2.1,Direccional
Will Ferencvárosi TC win on 2026-07-16?,Yes,1,1620.1955,0.6715,0.655,36,40.25165214000538,Sin nombre,0.4,Direccional
American vs. National: O/U 8.5,Under,1,1544.995,0.54,0.515,35,39.30642441128422,jtwyslljy,0.4,Direccional
San Francisco Giants vs. Atlanta Braves: O/U 7.5,Over,1,1452.6701,0.47,0.665,3,190.56954767223434,RN1,2.0,Direccional
Will KÍ win on 2026-07-15?,No,1,1451.0434,0.5627,0.635,36,38.092563578735415,Sin nombre,0.4,Direccional
Spread: Tre Fiori FC (-2.5),Tre Fiori FC,1,1450.8644,0.001,0.3325,3,190.4510698315974,RN1,2.0,Direccional
England vs. Argentina: Argentina O/U 2.5,Under,1,1444.4101,0.9,0.905,1,190.02697834781253,swisstony,2.0,Direccional
Larne FC vs. Tre Fiori FC: O/U 3.5,Under,1,1383.41,0.5454,0.445,1,185.97109990533477,swisstony,2.0,Direccional
American vs. National: O/U 7.5,Under,1,1364.9942,0.45,0.455,35,36.945827910604464,jtwyslljy,0.4,Direccional
Spread: Larne FC (-2.5),Tre Fiori FC,1,1348.5109,0.8738,0.885,1,183.61038233171894,swisstony,1.9,Direccional
England vs. Argentina: Argentina O/U 1.5,Under,1,1346.0844,0.6966,0.6949,1,183.4451144075524,swisstony,1.9,Direccional
Spread: Argentina (-3.5),England,1,1316.1834,0.9889,0.9895,1,181.39620999348358,swisstony,1.9,Direccional
Spread: Spain (-5.5),France,1,1289.0876,0.996,0.9975,1,179.5193304354715,swisstony,1.9,Direccional
Will Shamrock Rovers FC vs. Floriana FC end in a draw?,No,1,1288.2291,0.9466,0.9995,1,179.4595427944694,swisstony,1.9,Direccional
Atlanta Braves vs. Chicago White Sox: O/U 5.5,Over,1,1247.57,0.78,0.73,1,176.60478475964345,swisstony,1.9,Direccional
Spread: Larne FC (-1.5),Tre Fiori FC,1,1211.6084,0.6387,0.54,1,174.04082854318983,swisstony,1.8,Direccional
Will Mike Pence win the 2028 Republican presidential nomination?,Yes,1,1172.274,0.0066,0.0055,45,34.23848711610955,alwayslatetotheparty,0.4,Direccional
Dota 2: Vici Gaming vs PlayTime (BO3) - Esports World Cup Survival,PlayTime,1,1166.9444,0.4958,0.505,36,34.1605679109701,Sin nombre,0.4,Direccional
Counter-Strike: Vasco Esports vs MAGICOS (BO3) - CCT South America Series 4 Group Stage,Vasco Esports,1,1137.3986,0.5099,0.505,36,33.725340620963344,Sin nombre,0.4,Direccional
Will Kristi Noem win the 2028 Republican presidential nomination?,Yes,1,1135.054,0.0066,0.0055,45,33.690562476753044,alwayslatetotheparty,0.4,Direccional
SP La Fiorita vs. FC UNA Strassen: SP La Fiorita O/U 0.5,Under,1,1087.069,0.5384,0.86,36,32.97072944294681,Sin nombre,0.3,Direccional
Will Alexandria Ocasio-Cortez win the 2028 Democratic presidential nomination?,Yes,1,1074.4819,0.0078,0.1455,45,32.77929071837888,alwayslatetotheparty,0.3,Direccional
Spread: FK Rīgas Futbola Skola (-1.5),FK Rīgas Futbola Skola,1,1064.0507,0.4199,0.405,36,32.61979000545528,Sin nombre,0.3,Direccional
LoL: Team Secret  vs Sentinels (BO1) - Esports World Cup Group B,Team Secret,1,1056.6738,0.5798,0.585,11,97.51955803837505,0x2c335066FE58fe9237c3d3Dc7b275C2a034a0563-1759935795465,1.0,Direccional
England vs. Argentina: O/U 8.5 Total Corners,Over,1,1038.9613,0.4699,0.445,36,32.23292261027535,Sin nombre,0.3,Direccional
Spread: Cleveland Guardians (-1.5),Cleveland Guardians,1,1027.8218,0.3426,0.36,1,160.29830005336925,swisstony,1.7,Direccional
France vs. Spain: O/U 8.5 Total Corners,Under,1,1021.3987,0.4584,0.21,36,31.959328841513553,Sin nombre,0.3,Direccional
Will Nicolas Dupont-Aignan win the 2027 French presidential election?,Yes,1,991.2871,0.006,0.0035,45,31.48471216320708,alwayslatetotheparty,0.3,Direccional
France vs. Spain: Will the Match Go to Extra Time?,No,1,979.0539,0.68,0.895,26,31.289837008204437,BreakTheBank,0.3,Direccional
Shanghai Haigang FC vs. Dalian Yingbo FC: O/U 1.5,Under,1,939.8602,0.08,0.28,3,153.28569731061015,RN1,1.6,Direccional
Lexus Eastbourne Open: Brandon Nakashima vs Jack Draper,Jack Draper,1,891.1234,0.44,0.5,3,149.25845034704065,RN1,1.6,Direccional
Exact Score: Larne FC 3 - 1 Tre Fiori FC?,No,1,870.3964,0.711,0.6825,1,147.51240625791445,swisstony,1.6,Posible cobertura: marcador exacto
France vs. Spain: Both Teams to Score in First Half,No,1,852.127,0.7914,0.9995,36,29.191214431742985,Sin nombre,0.3,Direccional
England vs. Argentina: O/U 1.5,Over,1,823.2359,0.6875,0.6787,1,143.46043879760023,swisstony,1.5,Direccional
Will LeBron James win the 2028 US Presidential Election?,Yes,1,822.7995,0.006,0.0045,45,28.68448186737909,alwayslatetotheparty,0.3,Direccional
Will Valérie Pécresse win the 2027 French presidential election?,Yes,1,822.5486,0.006,0.0045,45,28.680108089057125,alwayslatetotheparty,0.3,Direccional
England vs. Argentina: O/U 3.5,Over,1,812.2758,0.2174,0.2162,1,142.5022631399235,swisstony,1.5,Direccional
Will Ivanka Trump win the 2028 Republican presidential nomination?,Yes,1,811.4029,0.0078,0.0105,45,28.485134719709507,alwayslatetotheparty,0.3,Direccional
Spread: Washington Mystics (-1.5),Toronto Tempo,1,766.2589,0.4714,0.485,1,138.40690914835142,swisstony,1.5,Direccional
ÍF Vestri vs. Qarabağ Ağdam FK: O/U 3.5,Under,1,743.5129,0.5369,0.56,36,27.26743295581746,Sin nombre,0.3,Direccional
Will François Bayrou win the 2027 French presidential election?,Yes,1,730.9796,0.0056,0.0035,45,27.03663440593152,alwayslatetotheparty,0.3,Direccional
Larne FC vs. Tre Fiori FC: O/U 5.5,Under,1,723.5916,0.9358,0.9445,1,134.4982899519544,swisstony,1.4,Direccional
Will Michel Barnier win the 2027 French presidential election?,Yes,1,713.4602,0.007,0.0065,45,26.71067576831406,alwayslatetotheparty,0.3,Direccional
Will Rand Paul win the 2028 Republican presidential nomination?,Yes,1,690.4358,0.0078,0.0085,45,26.27614507495344,alwayslatetotheparty,0.3,Direccional
Detroit Tigers vs. Cleveland Guardians: O/U 4.5,Over,1,689.67,0.81,0.711,1,131.30784439628883,swisstony,1.4,Direccional
England vs. Argentina: O/U 5.5,Under,1,683.3649,0.9629,0.9625,1,130.70624506885662,swisstony,1.4,Direccional
Granby: Murphy Cassone vs Tristan Schoolkate,Tristan Schoolkate,1,675.2181,0.4555,0.5725,1,129.92479555496712,swisstony,1.4,Direccional
KBO: Hanwha Eagles vs. LG Twins,LG Twins,1,668.3271,0.507,0.86,1,129.26011565831124,swisstony,1.4,Direccional
SP La Fiorita vs. FC UNA Strassen: FC UNA Strassen 1st Half O/U 0.5,Over,1,653.643,0.9988,0.9995,1,127.83221424977353,swisstony,1.3,Direccional
Makarska: Rebecca Sramkova vs Tara Wurth,Tara Wurth,1,651.0698,0.22,0.5,3,127.58034723263611,RN1,1.3,Direccional
Larne FC vs. Tre Fiori FC: O/U 2.5,Over,1,648.8482,0.7454,0.9995,1,127.36249447934036,swisstony,1.3,Direccional
Shamrock Rovers FC vs. Floriana FC: Shamrock Rovers FC 1st Half O/U 0.5,Over,1,635.6548,0.9981,0.9995,1,126.06097730860253,swisstony,1.3,Direccional
Pozoblanco: Dan Added vs Mitsuki Wei Kang Leong,Dan Added,1,631.0466,0.7929,1.0,36,25.120640915390673,Sin nombre,0.3,Direccional
Will Jon Ossoff win the 2028 Democratic presidential nomination?,Yes,1,627.5187,0.0078,0.1205,45,25.050323351206465,alwayslatetotheparty,0.3,Direccional
Will Clémentine Autain win the 2027 French presidential election?,Yes,1,624.4587,0.0055,0.0025,45,24.989171654938865,alwayslatetotheparty,0.3,Direccional
Will Spain reach the 2026 FIFA World Cup final?,No,1,624.3318,0.7426,0.09,50,24.986632426159392,S-Works,0.3,Direccional
Will François Ruffin win the 2027 French presidential election?,Yes,1,623.5362,0.0061,0.0045,45,24.970706838213452,alwayslatetotheparty,0.3,Direccional
Will Kamala Harris win the 2028 Democratic presidential nomination?,Yes,1,610.5283,0.0078,0.0695,45,24.708870876670993,alwayslatetotheparty,0.3,Direccional
Will Brian Kemp win the 2028 Republican presidential nomination?,Yes,1,609.2081,0.0078,0.0075,45,24.682141317154798,alwayslatetotheparty,0.3,Direccional
Will Laurent Wauquiez win the 2027 French presidential election?,Yes,1,603.6699,0.0069,0.0035,45,24.569694747798557,alwayslatetotheparty,0.3,Direccional
Will Zirə FK win on 2026-07-16?,No,1,603.1792,0.5599,0.58,36,24.559706838641215,Sin nombre,0.3,Direccional
Will Olivier Faure win the 2027 French presidential election?,Yes,1,589.7971,0.0059,0.0025,45,24.285738613433193,alwayslatetotheparty,0.3,Direccional
England vs. Argentina: England O/U 0.5,Under,1,587.5557,0.2799,0.295,1,121.19774131558722,swisstony,1.3,Direccional
Will Eric Trump win the 2028 Republican presidential nomination?,Yes,1,587.375,0.0078,0.0075,45,24.235820596794323,alwayslatetotheparty,0.3,Direccional
England vs. Argentina: Argentina O/U 1.5,Over,1,583.6785,0.3,0.305,1,120.79719574559668,swisstony,1.3,Direccional
Shamrock Rovers FC vs. Floriana FC: Floriana FC 1st Half O/U 0.5,Over,1,579.682,0.9989,0.9995,1,120.38293068371446,swisstony,1.3,Direccional
Will Erika Kirk win the 2028 Republican presidential nomination?,Yes,1,579.5735,0.0078,0.0075,45,24.07433280487748,alwayslatetotheparty,0.3,Direccional
Will Tom Brady win the 2028 Republican presidential nomination?,Yes,1,578.4232,0.0078,0.0075,45,24.050430349580026,alwayslatetotheparty,0.3,Direccional
Larne FC vs. Tre Fiori FC: Larne FC O/U 0.5,Over,1,577.3631,0.9989,0.9955,1,120.14190567824369,swisstony,1.3,Direccional
ÍF Vestri vs. Qarabağ Ağdam FK: Both Teams to Score,No,1,560.7667,0.7296,0.765,36,23.680513085657584,Sin nombre,0.2,Direccional
Exact Score: Larne FC 2 - 2 Tre Fiori FC?,No,1,556.3105,0.9108,0.9445,1,117.93117696351545,swisstony,1.2,Posible cobertura: marcador exacto
England vs. Argentina: Argentina 1st Half O/U 1.5,Under,1,543.1733,0.9099,0.935,1,116.5303930311745,swisstony,1.2,Direccional
Spread: Qarabağ Ağdam FK (-2.5),Qarabağ Ağdam FK,1,525.5495,0.5315,0.53,36,22.924866411824517,Sin nombre,0.2,Direccional
Will FC Santa Coloma win on 2026-07-16?,Yes,1,522.1065,0.5711,0.585,36,22.849649887908566,Sin nombre,0.2,Direccional
Will Floriana FC win on 2026-07-14?,No,1,520.4887,0.947,0.9995,1,114.07110720949456,swisstony,1.2,Direccional
Will Elimai FK win on 2026-07-16?,Yes,1,519.2904,0.5229,0.5699,36,22.78794418107961,Sin nombre,0.2,Direccional
SP La Fiorita vs. FC UNA Strassen: O/U 3.5,Under,1,517.379,0.6712,0.9,1,113.72983337717505,swisstony,1.2,Direccional
Spread: Pyunik FA (-1.5),Pyunik FA,1,511.1865,0.5081,0.535,36,22.609433871727084,Sin nombre,0.2,Direccional
Will Sarah Huckabee Sanders win the 2028 Republican presidential nomination?,Yes,1,509.0583,0.0078,0.0065,45,22.562320359395663,alwayslatetotheparty,0.2,Direccional
Will Joe Kent win the 2028 Republican presidential nomination?,Yes,1,508.1267,0.0078,0.0065,45,22.541665865680823,alwayslatetotheparty,0.2,Direccional
Spread: Argentina (-1.5),Argentina,1,493.3407,0.1174,0.1212,1,111.05637082130858,swisstony,1.2,Direccional
Will Ħamrun Spartans FC win on 2026-07-16?,Yes,1,485.3828,0.5537,0.605,36,22.03140485761178,Sin nombre,0.2,Direccional
Larne FC vs. Tre Fiori FC: Larne FC 1st Half O/U 0.5,Over,1,482.4946,0.9989,0.9995,1,109.82879859126203,swisstony,1.2,Direccional
Will Manuel Bompard win the 2027 French presidential election?,Yes,1,480.9814,0.0059,0.0025,45,21.931288151861942,alwayslatetotheparty,0.2,Direccional
Shanghai Haigang FC vs. Dalian Yingbo FC: O/U 1.5,Over,1,478.6698,0.8281,0.72,1,109.39261858096276,swisstony,1.2,Direccional
Will Kalmar FF win on 2026-07-20?,No,1,471.2475,0.64,0.65,36,21.708235764336077,Sin nombre,0.2,Direccional
Will Carole Delga win the 2027 French presidential election?,Yes,1,470.8274,0.0059,0.0025,45,21.6985575557455,alwayslatetotheparty,0.2,Direccional
Larne FC vs. Tre Fiori FC: Larne FC O/U 2.5,Under,1,469.5667,0.6199,0.325,1,108.3474388252902,swisstony,1.1,Direccional
Pyunik FA vs. Marsaxlokk FC: O/U 2.5,Over,1,465.2089,0.5328,0.555,36,21.568701861725476,Sin nombre,0.2,Direccional
Will John Thune win the 2028 Republican presidential nomination?,Yes,1,446.7526,0.0078,0.0055,45,21.13652289285066,alwayslatetotheparty,0.2,Direccional
Will Matt Gaetz win the 2028 Republican presidential nomination?,Yes,1,446.7526,0.0078,0.0055,45,21.13652289285066,alwayslatetotheparty,0.2,Direccional
Will Steve Bannon win the 2028 Republican presidential nomination?,Yes,1,445.0569,0.0078,0.0055,45,21.096371725962737,alwayslatetotheparty,0.2,Direccional
Will Jude Bellingham be the top goalscorer at the 2026 FIFA World Cup?,Yes,1,439.2925,0.0125,0.0575,50,20.95930580911496,S-Works,0.2,Mercado especial de jugador
KBO: KT Wiz vs. Samsung Lions,KT Wiz,1,430.759,0.53,0.6,1,103.77367199824819,swisstony,1.1,Direccional
Will Élisabeth Borne win the 2027 French presidential election?,Yes,1,428.5503,0.0061,0.0025,45,20.701456470499846,alwayslatetotheparty,0.2,Direccional
Will Bernard Cazeneuve win the 2027 French presidential election?,Yes,1,426.7966,0.007,0.0065,45,20.65905612558328,alwayslatetotheparty,0.2,Direccional
Exact Score: Larne FC 2 - 1 Tre Fiori FC?,No,1,425.4675,0.7298,0.5649,1,103.1343177608695,swisstony,1.1,Posible cobertura: marcador exacto
Toronto Blue Jays vs. Chicago Cubs: O/U 4.5,Over,1,420.75,0.7681,0.825,1,102.56095748383007,swisstony,1.1,Direccional
Kitzbuehel: Julia Grabher vs Ekaterina Perelygina,Julia Grabher,1,411.5305,0.848,0.8665,36,20.28621453105532,Sin nombre,0.2,Direccional
Will Mathilde Panot win the 2027 French presidential election?,Yes,1,408.7057,0.0059,0.0025,45,20.216471007572018,alwayslatetotheparty,0.2,Direccional
ITF Hillcrest: Henry Jefferson vs Charlie Robertson,Charlie Robertson,1,406.7183,0.6492,0.63,36,20.16725811804867,Sin nombre,0.2,Direccional
Larne FC leading at halftime?,No,1,399.8,0.839,0.9995,3,99.9749968742185,RN1,1.1,Direccional
Exact Score: Larne FC 1 - 1 Tre Fiori FC?,No,1,398.0497,0.8145,0.995,1,99.75591461161588,swisstony,1.0,Posible cobertura: marcador exacto
Will Marjorie Taylor Greene win the 2028 Republican presidential nomination?,Yes,1,396.9935,0.0078,0.0075,45,19.924695731679318,alwayslatetotheparty,0.2,Direccional
Will Ted Cruz win the 2028 Republican presidential nomination?,Yes,1,392.1445,0.0078,0.0095,45,19.80263871306044,alwayslatetotheparty,0.2,Direccional
Will Xavier Bertrand win the 2027 French presidential election?,Yes,1,384.0342,0.006,0.0025,45,19.596790553557486,alwayslatetotheparty,0.2,Direccional
LoL: mCon esports vs Dynasty (BO3) - Road Of Legends Regular Season,mCon esports,1,381.618,0.8899,0.9995,36,19.535045431224365,Sin nombre,0.2,Direccional
Will Oceania (OCF) win the 2026 FIFA World Cup?,No,1,380.8519,0.98,1.0,17,58.54628169235002,DrPufferfish,0.6,Direccional
Detroit Tigers vs. Cleveland Guardians: O/U 10.5,Under,1,378.5585,0.775,0.67,1,97.28289931945902,swisstony,1.0,Direccional
Will Tulsi Gabbard win the 2028 Republican presidential nomination?,Yes,1,377.2278,0.0078,0.0095,45,19.42235310151682,alwayslatetotheparty,0.2,Direccional
Will Apple be the largest company in the world by market cap on December 31?,Yes,1,376.963,0.0357,0.13,45,19.415535017093916,alwayslatetotheparty,0.2,Direccional
England vs. Argentina: O/U 0.5,Under,1,375.2999,0.11,0.1112,1,96.86329284099317,swisstony,1.0,Direccional
Exact Score: France 1 - 0 Spain?,Yes,1,374.9989,0.08,0.0005,26,19.364888329138385,BreakTheBank,0.2,Posible cobertura: marcador exacto
Will Nikki Haley win the 2028 Republican presidential nomination?,Yes,1,368.6116,0.0078,0.0065,45,19.199260402421757,alwayslatetotheparty,0.2,Direccional
Will FC Atert Bissen win on 2026-07-15?,Yes,1,365.2285,0.3192,0.355,36,19.110952357221763,Sin nombre,0.2,Direccional
Spread: Spain (-3.5),Spain,1,363.4438,0.0084,0.038,1,95.32101027580437,swisstony,1.0,Direccional
Larne FC vs. Tre Fiori FC: Larne FC O/U 1.5,Over,1,358.3421,0.8927,0.9955,1,94.64963021586507,swisstony,1.0,Direccional
Will Juan Branco win the 2027 French presidential election?,Yes,1,356.5007,0.0068,0.0045,45,18.881226125440055,alwayslatetotheparty,0.2,Direccional
Will San Antonio Spurs win the 2027 NBA Finals?,Yes,1,355.3966,0.0277,0.185,45,18.851965414778373,alwayslatetotheparty,0.2,Direccional
Will Marine Tondelier win the 2027 French presidential election?,Yes,1,355.3849,0.0061,0.0025,45,18.851655099751852,alwayslatetotheparty,0.2,Direccional
England vs. Argentina: Argentina 1st Half O/U 0.5,Over,1,349.5,0.37,0.375,1,93.47459547919959,swisstony,1.0,Direccional
Braunschweig: Martin Krumich vs Francisco Comesana,Francisco Comesana,1,341.24,0.5,0.5,3,92.36341266973628,RN1,1.0,Direccional
Shanghai Haigang FC vs. Dalian Yingbo FC: Dalian Yingbo FC O/U 0.5,Over,1,339.4631,0.7397,0.385,1,92.12262208600012,swisstony,1.0,Direccional
Will Fabien Roussel win the 2027 French presidential election?,Yes,1,339.3787,0.006,0.0025,45,18.422233849346284,alwayslatetotheparty,0.2,Direccional
France vs. Spain: O/U 1.5,Under,1,332.3524,0.2308,0.0012,26,18.230534824848117,BreakTheBank,0.2,Direccional
Athens Open: Harriet Dart vs Maria Sakkari,Maria Sakkari,1,331.6143,0.7162,0.755,36,18.210280063744214,Sin nombre,0.2,Direccional
Cordenons: Peter Makk vs Thiago Seyboth Wild,Thiago Seyboth Wild,1,329.2087,0.5547,0.625,1,90.72054618442286,swisstony,1.0,Direccional
Lincoln: Dhakshineswar Suresh vs Moez Echargui,Dhakshineswar Suresh,1,328.8938,0.5566,0.355,36,18.135429413168026,Sin nombre,0.2,Direccional
LoL: LUA Gaming vs FALKE Esports (BO3) - LES Regular Season,LUA Gaming,1,325.5393,0.5914,0.9995,36,18.04270766819659,Sin nombre,0.2,Direccional
Will Count Binface win the Clacton by-election?,No,1,323.2874,0.9613,0.9565,13,53.940583979041236,0x006cc834Cc092684F1B56626E23BEdB3835c16ea-1729683673397,0.6,Direccional
Dota 2: LGD Gaming vs MOUZ - Game 2 Winner,LGD Gaming,1,312.1168,0.7194,0.9995,36,17.66682767222231,Sin nombre,0.2,Direccional
Exact Score: England 3 - 0 Argentina?,Yes,1,311.1002,0.015,0.0185,1,88.19016385062453,swisstony,0.9,Posible cobertura: marcador exacto
KBO: NC Dinos vs. Kia Tigers,Kia Tigers,1,310.5999,0.4841,0.7765,1,88.11922321491492,swisstony,0.9,Direccional
Will Kim Kardashian win the 2028 Republican presidential nomination?,Yes,1,310.5873,0.0078,0.005,45,17.623487169116107,alwayslatetotheparty,0.2,Direccional
England vs. Argentina: 1st Half O/U 1.5,Under,1,306.195,0.74,0.745,1,87.4921425043415,swisstony,0.9,Direccional
ÍF Vestri vs. Qarabağ Ağdam FK: Both Teams to Score,Yes,1,303.9611,0.2283,0.235,36,17.434480204468386,Sin nombre,0.2,Direccional
Atlanta Braves vs. Chicago White Sox: O/U 8.5,Over,1,299.7051,0.47,0.715,3,86.55996476431815,RN1,0.9,Direccional
Boston Red Sox vs. New York Yankees: O/U 7.5,Under,1,299.0238,0.4416,0.5659,3,86.4615232343266,RN1,0.9,Direccional
Spread: St. Louis Cardinals (-1.5),Arizona Diamondbacks,1,291.3331,0.6168,0.735,1,85.34241325390325,swisstony,0.9,Direccional
Will Josh Hawley win the 2028 Republican presidential nomination?,Yes,1,290.4822,0.0078,0.0065,45,17.04353836502268,alwayslatetotheparty,0.2,Direccional
St. Louis Cardinals vs. Cincinnati Reds: O/U 6.5,Over,1,287.98,0.7777,0.935,1,84.84986741297831,swisstony,0.9,Direccional
England vs. Argentina: England 1st Half O/U 1.5,Under,1,274.4865,0.9,0.905,1,82.83817054957213,swisstony,0.9,Direccional
Spread: Cleveland Guardians (-1.5),Detroit Tigers,1,266.918,0.6698,0.64,1,81.68812643218106,swisstony,0.9,Direccional
SP La Fiorita vs. FC UNA Strassen: FC UNA Strassen 1st Half O/U 1.5,Over,1,264.5462,0.9978,0.9995,1,81.32438133794808,swisstony,0.9,Direccional
Shamrock Rovers FC vs. Floriana FC: Shamrock Rovers FC O/U 2.5,Over,1,263.669,0.8348,0.995,1,81.18943896837814,swisstony,0.9,Direccional
Shamrock Rovers FC vs. Floriana FC: O/U 3.5,Over,1,251.9648,0.9497,0.9995,1,79.36699565940492,swisstony,0.8,Direccional
Will Santos FC win on 2026-07-16?,Yes,1,251.8968,0.2599,0.255,36,15.871257039062785,Sin nombre,0.2,Direccional
Istanbul 2: Gabriela Knutson vs Lanlana Tararudee,Lanlana Tararudee,1,251.1167,0.677,0.785,36,15.846662109100453,Sin nombre,0.2,Direccional
Will New York Knicks win the 2027 NBA Finals?,Yes,1,248.9169,0.0277,0.075,45,15.777100494070512,alwayslatetotheparty,0.2,Direccional
Atlanta Braves vs. Chicago White Sox,Atlanta Braves,1,247.187,0.4799,0.525,3,78.61090891218598,RN1,0.8,Direccional
France vs. Spain: O/U 6.5,Over,1,245.3074,0.0099,0.0025,3,78.31146148553225,RN1,0.8,Direccional
Shamrock Rovers FC vs. Floriana FC: O/U 2.5,Over,1,243.878,0.58,0.9995,1,78.08296869356339,swisstony,0.8,Direccional
Will Greg Abbott win the 2028 Republican presidential nomination?,Yes,1,237.468,0.0078,0.0085,45,15.409996755353324,alwayslatetotheparty,0.2,Direccional
Detroit Tigers vs. Cleveland Guardians,Detroit Tigers,1,236.5113,0.476,0.53,1,76.89461944765706,swisstony,0.8,Direccional
LoL: Bilibili Gaming vs Movistar KOI (BO1) - Esports World Cup Group C,Movistar KOI,1,231.3494,0.1699,0.165,36,15.21017422648406,Sin nombre,0.2,Direccional
Will Pete Buttigieg win the 2028 Democratic presidential nomination?,Yes,1,228.3957,0.0078,0.0525,45,15.112766126689051,alwayslatetotheparty,0.2,Direccional
Spread: Shamrock Rovers FC (-2.5),Floriana FC,1,228.0752,0.6253,0.38,1,75.51079393040442,swisstony,0.8,Direccional
Will Michelle Obama win the 2028 US Presidential Election?,Yes,1,227.4132,0.0078,0.0075,45,15.080225462505526,alwayslatetotheparty,0.2,Direccional
Wuhan San Zhen FC vs. Henan FC: O/U 4.5,Under,1,226.6552,0.8399,0.535,1,75.27536117482268,swisstony,0.8,Direccional
LoL: mCon esports vs Dynasty - Game 2 Winner,mCon esports,1,224.8608,0.75,0.9995,36,14.995359282124587,Sin nombre,0.2,Direccional
Exact Score: Larne FC 3 - 2 Tre Fiori FC?,Yes,1,221.3563,0.0545,0.394,1,74.39023793482583,swisstony,0.8,Posible cobertura: marcador exacto
Cary: Yosuke Watanuki vs Braden Shick,Braden Shick,1,219.3939,0.34,0.5,3,74.05975627829193,RN1,0.8,Direccional
Boston Red Sox vs. New York Yankees: O/U 11.5,Under,1,216.24,0.77,0.68,1,73.5255057786072,swisstony,0.8,Direccional
Will Elon Musk win the 2028 US Presidential Election?,Yes,1,216.0383,0.0078,0.0075,45,14.698241391404618,alwayslatetotheparty,0.2,Direccional
Spread: FC UNA Strassen (-1.5),FC UNA Strassen,1,215.1031,0.8666,0.895,1,73.3319677903164,swisstony,0.8,Direccional
Will Katie Britt win the 2028 Republican presidential nomination?,Yes,1,214.7331,0.0078,0.0045,45,14.653774257849069,alwayslatetotheparty,0.2,Direccional
Shanghai Haigang FC vs. Dalian Yingbo FC: O/U 2.5,Over,1,209.168,0.6056,0.35,1,72.31320764563,swisstony,0.8,Direccional
Will FC Inter Turku win on 2026-07-16?,Yes,1,208.5773,0.4856,0.455,36,14.442205510239772,Sin nombre,0.2,Direccional
Will AF Elbasani win on 2026-07-16?,Yes,1,206.8765,0.4798,0.465,36,14.383202007897962,Sin nombre,0.2,Direccional
Will Goiás EC win on 2026-07-18?,Yes,1,203.8752,0.5129,0.56,36,14.278487314838362,Sin nombre,0.2,Direccional
Exact Score: Larne FC 2 - 1 Tre Fiori FC?,Yes,1,201.9293,0.1322,0.435,1,71.05091484280833,swisstony,0.7,Posible cobertura: marcador exacto
Ferencvárosi TC vs. FK Vojvodina Novi Sad: O/U 3.5,Under,1,200.2424,0.5009,0.55,36,14.150703162740713,Sin nombre,0.1,Direccional
Shamrock Rovers FC vs. Floriana FC: O/U 10.5 Total Corners,Over,1,197.2017,0.5476,0.505,36,14.04285227437788,Sin nombre,0.1,Direccional
Will Clémence Guetté win the 2027 French presidential election?,Yes,1,197.12,0.0078,0.004,45,14.039943019827396,alwayslatetotheparty,0.1,Direccional
Will Glenn Youngkin win the 2028 US Presidential Election?,Yes,1,197.0914,0.0078,0.0065,45,14.038924460228426,alwayslatetotheparty,0.1,Direccional
Will Nikki Haley win the 2028 US Presidential Election?,Yes,1,197.0914,0.0078,0.0065,45,14.038924460228426,alwayslatetotheparty,0.1,Direccional
SP La Fiorita vs. FC UNA Strassen: O/U 4.5,Under,1,196.9896,0.95,0.985,1,70.17649179034244,swisstony,0.7,Direccional
Will Josh Shapiro win the 2028 Democratic presidential nomination?,Yes,1,196.4229,0.0078,0.0525,45,14.015095433139226,alwayslatetotheparty,0.1,Direccional
Athens Open: Elena Micic vs Qinwen Zheng,Elena Micic,1,194.7563,0.0299,0.0805,36,13.95551145605205,Sin nombre,0.1,Direccional
Will François Asselineau win the 2027 French presidential election?,Yes,1,192.2781,0.0069,0.0025,45,13.866437898753954,alwayslatetotheparty,0.1,Direccional
Spread: Cincinnati Reds (-1.5),Cincinnati Reds,1,191.625,0.37,0.365,1,69.21434099953564,swisstony,0.7,Direccional
Exact Score: France 0 - 0 Spain?,Yes,1,189.3546,0.07,0.0005,26,13.76061771869272,BreakTheBank,0.1,Posible cobertura: marcador exacto
Larne FC vs. Tre Fiori FC: Tre Fiori FC O/U 1.5,Over,1,187.8226,0.16,0.435,1,68.52419280808786,swisstony,0.7,Direccional
Lincoln: Mark Lajal vs Trevor Svajda,Mark Lajal,1,185.7066,0.5103,0.5205,1,68.13710442923151,swisstony,0.7,Direccional
France vs. Spain: O/U 7.5 Total Corners,Under,1,184.2822,0.3169,0.09,36,13.575058010925773,Sin nombre,0.1,Direccional
Will Gérald Darmanin win the 2027 French presidential election?,Yes,1,182.9954,0.0073,0.0045,45,13.527579236507913,alwayslatetotheparty,0.1,Direccional
NBA Summer League: Houston Rockets vs. Philadelphia 76ers,Houston Rockets,1,175.5645,0.4435,0.61,1,66.25037735741586,swisstony,0.7,Direccional
Will Bernie Sanders win the 2028 Democratic presidential nomination?,Yes,1,171.1363,0.0078,0.0065,45,13.081907353287594,alwayslatetotheparty,0.1,Direccional
Will Jasmine Crockett win the 2028 Democratic presidential nomination?,Yes,1,171.1363,0.0078,0.0065,45,13.081907353287594,alwayslatetotheparty,0.1,Direccional
Will Oprah Winfrey win the 2028 Democratic presidential nomination?,Yes,1,171.1363,0.0078,0.0065,45,13.081907353287594,alwayslatetotheparty,0.1,Direccional
Will Jean Castex win the 2027 French presidential election?,Yes,1,171.045,0.0078,0.0035,45,13.078417335442388,alwayslatetotheparty,0.1,Direccional
NBA Summer League: Brooklyn Nets vs. Sacramento Kings,Sacramento Kings,1,170.1,0.4376,0.42,1,65.21119535785247,swisstony,0.7,Direccional
Will Eric Trump win the 2028 US Presidential Election?,Yes,1,166.7697,0.0078,0.0055,45,12.913934334663468,alwayslatetotheparty,0.1,Direccional
Will Gretchen Whitmer win the 2028 US Presidential Election?,Yes,1,166.7697,0.0078,0.0055,45,12.913934334663468,alwayslatetotheparty,0.1,Direccional
Will Vivek Ramaswamy win the 2028 US Presidential Election?,Yes,1,166.7697,0.0078,0.0055,45,12.913934334663468,alwayslatetotheparty,0.1,Direccional
Will AfD win the most seats in the 2026 Berlin state elections?,Yes,1,166.1762,0.0416,0.1985,45,12.890934799307612,alwayslatetotheparty,0.1,Direccional
Shanghai Haigang FC vs. Dalian Yingbo FC: O/U 3.5,Over,1,165.0905,0.3865,0.47,1,64.24377401740966,swisstony,0.7,Direccional
KBO: Hanwha Eagles vs. NC Dinos,NC Dinos,1,164.8734,0.4534,0.5705,1,64.20151867362641,swisstony,0.7,Direccional
Will Jon Stewart win the 2028 Democratic presidential nomination?,Yes,1,164.5369,0.0078,0.0225,45,12.827193769488321,alwayslatetotheparty,0.1,Direccional
SP La Fiorita vs. FC UNA Strassen: O/U 2.5,Over,1,161.3827,0.6565,0.43,1,63.51824541027562,swisstony,0.7,Direccional
KBO: LG Twins vs. Samsung Lions,LG Twins,1,161.2125,0.5307,0.515,1,63.48474226142845,swisstony,0.7,Direccional
Will Sébastien Lecornu win the 2027 French presidential election?,Yes,1,160.1805,0.0078,0.0075,45,12.656243518516858,alwayslatetotheparty,0.1,Direccional
ITF Dallas: Rachel Gailis vs Alexis Nguyen,Rachel Gailis,1,159.0377,0.6929,0.8149,3,63.05507513277579,RN1,0.7,Direccional
Larne FC vs. Tre Fiori FC: Tre Fiori FC O/U 1.5,Under,1,157.8614,0.4532,0.5649,1,62.821453341991386,swisstony,0.7,Direccional
Will Andy Beshear win the 2028 Democratic presidential nomination?,Yes,1,155.6044,0.0078,0.0214,45,12.474149269589489,alwayslatetotheparty,0.1,Direccional
Will Alexander Zverev win the 2026 Men's US Open?,Yes,1,153.6279,0.0204,0.0745,45,12.394672242540342,alwayslatetotheparty,0.1,Direccional
Shanghai Shenhua FC vs. Beijing Guoan FC: O/U 4.5,Under,1,152.9399,0.7099,0.535,1,61.834436198610234,swisstony,0.7,Direccional
Will South America (CONMEBOL) win the 2026 FIFA World Cup?,Yes,1,152.8171,0.1999,0.195,17,37.08576411508869,DrPufferfish,0.4,Direccional
KBO: NC Dinos vs. Doosan Bears,Doosan Bears,1,151.0879,0.5397,0.585,1,61.4589090368516,swisstony,0.6,Direccional
Will Alashkert FA win on 2026-07-16?,No,1,149.945,0.8291,0.84,36,12.245203142455416,Sin nombre,0.1,Direccional
Will Rahm Emanuel win the 2028 Democratic presidential nomination?,Yes,1,146.3961,0.0078,0.02,45,12.099425606201311,alwayslatetotheparty,0.1,Direccional
Will Sarah Knafo win the 2027 French presidential election?,Yes,1,145.7832,0.0078,0.0095,45,12.07407139286496,alwayslatetotheparty,0.1,Direccional
Larne FC vs. Tre Fiori FC: 1st Half O/U 2.5,Under,1,144.889,0.4475,0.9995,1,60.18492336125385,swisstony,0.6,Direccional
Spread: St. Louis City SC (-1.5),St. Louis City SC,1,142.3069,0.4324,0.43,1,59.64622787737713,swisstony,0.6,Direccional
NBA Summer League: Brooklyn Nets vs. Sacramento Kings,Brooklyn Nets,1,141.7973,0.5152,0.58,1,59.53933573697309,swisstony,0.6,Direccional
LoL: Gen.G vs Karmine Corp (BO1) - Esports World Cup Group B,Karmine Corp,1,133.8253,0.1499,0.145,36,11.568288551034678,Sin nombre,0.1,Direccional
Will MrBeast win the 2028 Democratic presidential nomination?,Yes,1,131.6433,0.0078,0.005,45,11.473591416814529,alwayslatetotheparty,0.1,Direccional
Spread: Shamrock Rovers FC (-2.5),Shamrock Rovers FC,1,130.82,0.98,0.62,3,57.18828551373087,RN1,0.6,Direccional
Exact Score: Seattle Sounders FC 0 - 3 Portland Timbers?,No,1,129.3144,0.9897,0.995,1,56.858244784727574,swisstony,0.6,Posible cobertura: marcador exacto
Spread: Chicago White Sox (-1.5),Chicago White Sox,1,128.7399,0.31,0.41,1,56.731803250028996,swisstony,0.6,Direccional
Will SP La Fiorita vs. FC UNA Strassen end in a draw?,No,1,125.9806,0.8825,0.9825,1,56.12053991187183,swisstony,0.6,Direccional
Athens Open: Lilli Tagger vs Sara Bejlek,Lilli Tagger,1,125.8164,0.4714,0.445,36,11.216790984947522,Sin nombre,0.1,Direccional
Will Yaël Braun-Pivet win the 2027 French presidential election?,Yes,1,123.8828,0.0077,0.0025,45,11.13026504626013,alwayslatetotheparty,0.1,Direccional
Will Darryn Peterson win the 2026-27 NBA Rookie of the Year?,Yes,1,119.5833,0.0123,0.175,45,10.935414944116204,alwayslatetotheparty,0.1,Direccional
Will George Clooney win the 2028 Democratic presidential nomination?,Yes,1,117.3744,0.0078,0.0055,45,10.833946649305599,alwayslatetotheparty,0.1,Direccional
Game Handicap: MKF (-1.5) vs Barça eSports (+1.5),⁠Movistar KOI Fénix,1,115.6847,0.3419,0.36,36,10.755682219180706,Sin nombre,0.1,Direccional
Exact Score: Shanghai Haigang FC 0 - 1 Dalian Yingbo FC?,Yes,1,115.0563,0.0467,0.4745,1,53.632149873000614,swisstony,0.6,Posible cobertura: marcador exacto
SP La Fiorita vs. FC UNA Strassen: O/U 2.5,Under,1,113.9002,0.5699,0.5699,3,53.362018327645735,RN1,0.6,Direccional
Will Goiás EC win on 2026-07-18?,No,1,112.7387,0.4899,0.44,36,10.617848181246519,Sin nombre,0.1,Direccional
Larne FC vs. Tre Fiori FC: 1st Half O/U 0.5,Over,1,112.5191,0.981,0.9995,1,53.03751031109964,swisstony,0.6,Direccional
Will KF Vllaznia Shkodër win on 2026-07-15?,Yes,1,112.4217,0.2299,0.225,36,10.602909977925872,Sin nombre,0.1,Direccional
FC UNA Strassen leading at halftime?,Yes,1,111.9338,0.99,0.9995,1,52.899385629702735,swisstony,0.6,Direccional
SP La Fiorita vs. FC UNA Strassen: SP La Fiorita 1st Half O/U 1.5,Under,1,111.3535,0.99,0.9945,1,52.76208392396949,swisstony,0.6,Direccional
Shamrock Rovers FC vs. Floriana FC: Both Teams to Score,Yes,1,111.0353,0.99,0.9995,1,52.68664441772697,swisstony,0.6,Direccional
Will Alphabet be the largest company in the world by market cap on December 31?,Yes,1,109.5642,0.0357,0.105,45,10.467291913384283,alwayslatetotheparty,0.1,Direccional
Will Boston Celtics win the 2027 NBA Finals?,Yes,1,109.1003,0.0277,0.045,45,10.445108903213983,alwayslatetotheparty,0.1,Direccional
Lincoln: Darwin Blanch vs Bernard Tomic,Bernard Tomic,1,108.6884,0.339,0.3425,36,10.42537289500956,Sin nombre,0.1,Direccional
Will Tianjin Jinmen Hu FC vs. Liaoning Tieren FC end in a draw?,No,1,108.2217,0.7103,0.755,1,52.014829616177735,swisstony,0.5,Direccional
Will Henan FC win on 2026-07-11?,No,1,105.9215,0.576,0.54,1,51.459085689506765,swisstony,0.5,Direccional
Will AJ Dybantsa win the 2026-27 NBA Rookie of the Year?,Yes,1,105.8488,0.5,0.17,45,10.288284599484989,alwayslatetotheparty,0.1,Direccional
Spread: FK Rīgas Futbola Skola (-1.5),Glentoran FC,1,105.6281,0.5699,0.595,36,10.277553210759844,Sin nombre,0.1,Direccional
Washington Mystics vs. Toronto Tempo,Toronto Tempo,1,105.6015,0.4699,0.475,36,10.276259046948944,Sin nombre,0.1,Direccional
Valorant: JD Gaming vs FunPlus Phoenix (BO3) - VCT China Stage 2 Group Alpha,FunPlus Phoenix,1,105.2419,0.5299,0.5649,36,10.258747486901118,Sin nombre,0.1,Direccional
Will Ro Khanna win the 2028 Democratic presidential nomination?,Yes,1,105.0027,0.0078,0.0195,45,10.247082511622516,alwayslatetotheparty,0.1,Direccional
Shamrock Rovers FC leading at halftime?,Yes,1,104.7283,0.5485,0.9995,36,10.233684575948196,Sin nombre,0.1,Direccional
Exact Score: St. Louis City SC 0 - 3 Sporting Kansas City?,No,1,104.3804,0.9909,0.949,1,51.08336324088303,swisstony,0.5,Posible cobertura: marcador exacto
Exact Score: France 0 - 1 Spain?,Yes,1,100.7713,0.081,0.0005,1,50.19245461222234,swisstony,0.5,Posible cobertura: marcador exacto
Will FK Dynamo Kyiv win on 2026-07-16?,No,1,100.1109,0.4115,0.405,36,10.00554346350062,Sin nombre,0.1,Direccional
